{
  "monthly_operations": {
    "total_scans": 600,
    "raw_findings": 6000.0,
    "pre_filtered_findings": 600.0,
    "high_confidence_findings": 180.0,
    "validated_findings": 90.0,
    "accepted_findings": 19.800000000000004
  },
  "delta_efficiency": {
    "delta_efficiency": 0.3,
    "new_findings_rate": 0.3,
    "note": "Delta checking focuses on new endpoints/changes, improving signal-to-noise ratio"
  },
  "monthly_income": {
    "low_severity": {
      "count": 3.960000000000001,
      "income": 594.0000000000001
    },
    "medium_severity": {
      "count": 7.920000000000002,
      "income": 3168.000000000001
    },
    "high_severity": {
      "count": 5.940000000000001,
      "income": 8910.000000000002
    },
    "critical_severity": {
      "count": 1.9800000000000004,
      "income": 7920.000000000002
    },
    "total_income": 20592.000000000007
  },
  "monthly_costs": {
    "llm_cost": 1.2,
    "container_cost": 150.0,
    "storage_cost": 10.0,
    "total_cost": 161.2
  },
  "net_income": 20430.800000000007,
  "roi_percentage": 12674.193548387102
}